{
  "restaurants": [
    {
      "id": "rqdv5juczeskfw1e867",
      "name": "Melting Pot",
      "description": "Lorem ipsum dolor sit amet, consectetuer adipiscing elit. Aenean commodo ligula eget dolor. Aenean massa. Cum sociis natoque penatibus et magnis dis parturient montes, nascetur ridiculus mus. Donec quam felis, ultricies nec, pellentesque eu, pretium quis, sem. Nulla consequat massa quis enim. Donec pede justo, fringilla vel, aliquet nec, vulputate eget, arcu. In enim justo, rhoncus ut, imperdiet a, venenatis vitae, justo. Nullam dictum felis eu pede mollis pretium. Integer tincidunt. Cras dapibus. Vivamus elementum semper nisi. Aenean vulputate eleifend tellus. Aenean leo ligula, porttitor eu, consequat vitae, eleifend ac, enim. Aliquam lorem ante, dapibus in, viverra quis, feugiat a, tellus. Phasellus viverra nulla ut metus varius laoreet.",
      "pictureId": "https://restaurant-api.dicoding.dev/images/medium/14",
      "city": "Medan",
      "rating": 4.2,
      "menus": {
        "foods": [
          {
            "name": "Paket rosemary"
          },
          {
            "name": "Toastie salmon"
          },
          {
            "name": "Bebek crepes"
          },
          {
            "name": "Salad lengkeng"
          }
        ],
        "drinks": [
          {
            "name": "Es krim"
          },
          {
            "name": "Sirup"
          },
          {
            "name": "Jus apel"
          },
          {
            "name": "Jus jeruk"
          },
          {
            "name": "Coklat panas"
          },
          {
            "name": "Air"
          },
          {
            "name": "Es kopi"
          },
          {
            "name": "Jus alpukat"
          },
          {
            "name": "Jus mangga"
          },
          {
            "name": "Teh manis"
          },
          {
            "name": "Kopi espresso"
          },
          {
            "name": "Minuman soda"
          },
          {
            "name": "Jus tomat"
          }
        ]
      }
    },
    {
      "id": "s1knt6za9kkfw1e867",
      "name": "Kafe Kita",
      "description": "Quisque rutrum. Aenean imperdiet. Etiam ultricies nisi vel augue. Curabitur ullamcorper ultricies nisi. Nam eget dui. Etiam rhoncus. Maecenas tempus, tellus eget condimentum rhoncus, sem quam semper libero, sit amet adipiscing sem neque sed ipsum. Nam quam nunc, blandit vel, luctus pulvinar, hendrerit id, lorem. Maecenas nec odio et ante tincidunt tempus. Donec vitae sapien ut libero venenatis faucibus. Nullam quis ante. Etiam sit amet orci eget eros faucibus tincidunt. Duis leo. Sed fringilla mauris sit amet nibh. Donec sodales sagittis magna. Sed consequat, leo eget bibendum sodales, augue velit cursus nunc,",
      "pictureId": "https://restaurant-api.dicoding.dev/images/medium/25",
      "city": "Gorontalo",
      "rating": 4,
      "menus": {
        "foods": [
          {
            "name": "Kari kacang dan telur"
          },
          {
            "name": "Ikan teri dan roti"
          },
          {
            "name": "roket penne"
          },
          {
            "name": "Salad lengkeng"
          },
          {
            "name": "Tumis leek"
          },
          {
            "name": "Salad yuzu"
          },
          {
            "name": "Sosis squash dan mint"
          }
        ],
        "drinks": [
          {
            "name": "Jus tomat"
          },
          {
            "name": "Minuman soda"
          },
          {
            "name": "Jus apel"
          },
          {
            "name": "Jus mangga"
          },
          {
            "name": "Es krim"
          },
          {
            "name": "Kopi espresso"
          },
          {
            "name": "Jus alpukat"
          },
          {
            "name": "Coklat panas"
          },
          {
            "name": "Es kopi"
          },
          {
            "name": "Teh manis"
          },
          {
            "name": "Sirup"
          },
          {
            "name": "Jus jeruk"
          }
        ]
      }
    },
    {
      "id": "w9pga3s2tubkfw1e867",
      "name": "Bring your phone cafe",
      "description": "Quisque rutrum. Aenean imperdiet. Etiam ultricies nisi vel augue. Curabitur ullamcorper ultricies nisi. Nam eget dui. Etiam rhoncus. Maecenas tempus, tellus eget condimentum rhoncus, sem quam semper libero, sit amet adipiscing sem neque sed ipsum. Nam quam nunc, blandit vel, luctus pulvinar, hendrerit id, lorem. Maecenas nec odio et ante tincidunt tempus. Donec vitae sapien ut libero venenatis faucibus. Nullam quis ante. Etiam sit amet orci eget eros faucibus tincidunt. Duis leo. Sed fringilla mauris sit amet nibh. Donec sodales sagittis magna. Sed consequat, leo eget bibendum sodales, augue velit cursus nunc,",
      "pictureId": "https://restaurant-api.dicoding.dev/images/medium/03",
      "city": "Surabaya",
      "rating": 4.2,
      "menus": {
        "foods": [
          {
            "name": "Salad lengkeng"
          },
          {
            "name": "Sosis squash dan mint"
          },
          {
            "name": "Toastie salmon"
          },
          {
            "name": "Salad yuzu"
          },
          {
            "name": "Matzo farfel"
          },
          {
            "name": "Kari terong"
          },
          {
            "name": "roket penne"
          },
          {
            "name": "Napolitana"
          },
          {
            "name": "Daging Sapi"
          },
          {
            "name": "Bebek crepes"
          },
          {
            "name": "Sup Kohlrabi"
          },
          {
            "name": "Ikan teri dan roti"
          },
          {
            "name": "Tumis leek"
          }
        ],
        "drinks": [
          {
            "name": "Kopi espresso"
          },
          {
            "name": "Coklat panas"
          },
          {
            "name": "Jus jeruk"
          },
          {
            "name": "Jus apel"
          },
          {
            "name": "Minuman soda"
          },
          {
            "name": "Air"
          },
          {
            "name": "Es kopi"
          }
        ]
      }
    },
    {
      "id": "uewq1zg2zlskfw1e867",
      "name": "Kafein",
      "description": "Quisque rutrum. Aenean imperdiet. Etiam ultricies nisi vel augue. Curabitur ullamcorper ultricies nisi. Nam eget dui. Etiam rhoncus. Maecenas tempus, tellus eget condimentum rhoncus, sem quam semper libero, sit amet adipiscing sem neque sed ipsum. Nam quam nunc, blandit vel, luctus pulvinar, hendrerit id, lorem. Maecenas nec odio et ante tincidunt tempus. Donec vitae sapien ut libero venenatis faucibus. Nullam quis ante. Etiam sit amet orci eget eros faucibus tincidunt. Duis leo. Sed fringilla mauris sit amet nibh. Donec sodales sagittis magna. Sed consequat, leo eget bibendum sodales, augue velit cursus nunc,",
      "pictureId": "https://restaurant-api.dicoding.dev/images/medium/15",
      "city": "Aceh",
      "rating": 4.6,
      "menus": {
        "foods": [
          {
            "name": "Salad lengkeng"
          },
          {
            "name": "Kari terong"
          },
          {
            "name": "Sosis squash dan mint"
          },
          {
            "name": "Napolitana"
          },
          {
            "name": "Salad yuzu"
          },
          {
            "name": "Tumis leek"
          },
          {
            "name": "Ikan teri dan roti"
          },
          {
            "name": "Kari kacang dan telur"
          },
          {
            "name": "Toastie salmon"
          },
          {
            "name": "Bebek crepes"
          },
          {
            "name": "Paket rosemary"
          },
          {
            "name": "Sup Kohlrabi"
          },
          {
            "name": "roket penne"
          }
        ],
        "drinks": [
          {
            "name": "Minuman soda"
          },
          {
            "name": "Es teh"
          },
          {
            "name": "Jus tomat"
          },
          {
            "name": "Coklat panas"
          },
          {
            "name": "Jus jeruk"
          },
          {
            "name": "Air"
          },
          {
            "name": "Kopi espresso"
          },
          {
            "name": "Es kopi"
          },
          {
            "name": "Sirup"
          },
          {
            "name": "Jus alpukat"
          },
          {
            "name": "Jus mangga"
          },
          {
            "name": "Jus apel"
          },
          {
            "name": "Es krim"
          }
        ]
      }
    },
    {
      "id": "ygewwl55ktckfw1e867",
      "name": "Istana Emas",
      "description": "Quisque rutrum. Aenean imperdiet. Etiam ultricies nisi vel augue. Curabitur ullamcorper ultricies nisi. Nam eget dui. Etiam rhoncus. Maecenas tempus, tellus eget condimentum rhoncus, sem quam semper libero, sit amet adipiscing sem neque sed ipsum. Nam quam nunc, blandit vel, luctus pulvinar, hendrerit id, lorem. Maecenas nec odio et ante tincidunt tempus. Donec vitae sapien ut libero venenatis faucibus. Nullam quis ante. Etiam sit amet orci eget eros faucibus tincidunt. Duis leo. Sed fringilla mauris sit amet nibh. Donec sodales sagittis magna. Sed consequat, leo eget bibendum sodales, augue velit cursus nunc,",
      "pictureId": "https://restaurant-api.dicoding.dev/images/medium/05",
      "city": "Balikpapan",
      "rating": 4.5,
      "menus": {
        "foods": [
          {
            "name": "Daging Sapi"
          },
          {
            "name": "Bebek crepes"
          },
          {
            "name": "Toastie salmon"
          },
          {
            "name": "Kari terong"
          },
          {
            "name": "Paket rosemary"
          },
          {
            "name": "Salad lengkeng"
          }
        ],
        "drinks": [
          {
            "name": "Sirup"
          },
          {
            "name": "Jus mangga"
          },
          {
            "name": "Es teh"
          },
          {
            "name": "Jus jeruk"
          },
          {
            "name": "Teh manis"
          },
          {
            "name": "Kopi espresso"
          },
          {
            "name": "Es kopi"
          },
          {
            "name": "Minuman soda"
          },
          {
            "name": "Jus alpukat"
          },
          {
            "name": "Jus tomat"
          },
          {
            "name": "Es krim"
          },
          {
            "name": "Coklat panas"
          }
        ]
      }
    },
    {
      "id": "fnfn8mytkpmkfw1e867",
      "name": "Makan mudah",
      "description": "But I must explain to you how all this mistaken idea of denouncing pleasure and praising pain was born and I will give you a complete account of the system, and expound the actual teachings of the great explorer of the truth, the master-builder of human happiness. No one rejects, dislikes, or avoids pleasure itself, because it is pleasure, but because those who do not know how to pursue pleasure rationally encounter consequences that are extremely painful. Nor again is there anyone who loves or pursues or desires to obtain pain of itself, because it is pain, but because occasionally circumstances occur in which toil and pain can procure him some great pleasure.",
      "pictureId": "https://restaurant-api.dicoding.dev/images/medium/22",
      "city": "Medan",
      "rating": 3.7,
      "menus": {
        "foods": [
          {
            "name": "Kari kacang dan telur"
          },
          {
            "name": "Toastie salmon"
          },
          {
            "name": "Matzo farfel"
          },
          {
            "name": "Napolitana"
          },
          {
            "name": "Salad yuzu"
          },
          {
            "name": "Sosis squash dan mint"
          },
          {
            "name": "Daging Sapi"
          }
        ],
        "drinks": [
          {
            "name": "Minuman soda"
          },
          {
            "name": "Jus apel"
          },
          {
            "name": "Air"
          },
          {
            "name": "Jus jeruk"
          },
          {
            "name": "Es krim"
          },
          {
            "name": "Es teh"
          },
          {
            "name": "Jus tomat"
          },
          {
            "name": "Coklat panas"
          }
        ]
      }
    },
    {
      "id": "dwg2wt3is19kfw1e867",
      "name": "Drinky Squash",
      "description": "Lorem ipsum dolor sit amet, consectetuer adipiscing elit. Aenean commodo ligula eget dolor. Aenean massa. Cum sociis natoque penatibus et magnis dis parturient montes, nascetur ridiculus mus. Donec quam felis, ultricies nec, pellentesque eu, pretium quis, sem. Nulla consequat massa quis enim. Donec pede justo, fringilla vel, aliquet nec, vulputate eget, arcu. In enim justo, rhoncus ut, imperdiet a, venenatis vitae, justo. Nullam dictum felis eu pede mollis pretium. Integer tincidunt. Cras dapibus. Vivamus elementum semper nisi. Aenean vulputate eleifend tellus. Aenean leo ligula, porttitor eu, consequat vitae, eleifend ac, enim. Aliquam lorem ante, dapibus in, viverra quis, feugiat a, tellus. Phasellus viverra nulla ut metus varius laoreet.",
      "pictureId": "https://restaurant-api.dicoding.dev/images/medium/18",
      "city": "Surabaya",
      "rating": 3.9,
      "menus": {
        "foods": [
          {
            "name": "Sup Kohlrabi"
          },
          {
            "name": "Paket rosemary"
          },
          {
            "name": "Tumis leek"
          },
          {
            "name": "Kari terong"
          },
          {
            "name": "roket penne"
          },
          {
            "name": "Sosis squash dan mint"
          },
          {
            "name": "Salad lengkeng"
          }
        ],
        "drinks": [
          {
            "name": "Es kopi"
          },
          {
            "name": "Air"
          },
          {
            "name": "Jus apel"
          },
          {
            "name": "Kopi espresso"
          },
          {
            "name": "Teh manis"
          },
          {
            "name": "Jus jeruk"
          },
          {
            "name": "Es teh"
          },
          {
            "name": "Coklat panas"
          },
          {
            "name": "Jus mangga"
          },
          {
            "name": "Es krim"
          },
          {
            "name": "Jus alpukat"
          },
          {
            "name": "Sirup"
          },
          {
            "name": "Minuman soda"
          }
        ]
      }
    },
    {
      "id": "6u9lf7okjh9kfw1e867",
      "name": "Ampiran Kota",
      "description": "Quisque rutrum. Aenean imperdiet. Etiam ultricies nisi vel augue. Curabitur ullamcorper ultricies nisi. Nam eget dui. Etiam rhoncus. Maecenas tempus, tellus eget condimentum rhoncus, sem quam semper libero, sit amet adipiscing sem neque sed ipsum. Nam quam nunc, blandit vel, luctus pulvinar, hendrerit id, lorem. Maecenas nec odio et ante tincidunt tempus. Donec vitae sapien ut libero venenatis faucibus. Nullam quis ante. Etiam sit amet orci eget eros faucibus tincidunt. Duis leo. Sed fringilla mauris sit amet nibh. Donec sodales sagittis magna. Sed consequat, leo eget bibendum sodales, augue velit cursus nunc,",
      "pictureId": "https://restaurant-api.dicoding.dev/images/medium/35",
      "city": "Balikpapan",
      "rating": 4.1,
      "menus": {
        "foods": [
          {
            "name": "Sup Kohlrabi"
          },
          {
            "name": "Toastie salmon"
          },
          {
            "name": "Tumis leek"
          },
          {
            "name": "Ikan teri dan roti"
          },
          {
            "name": "Kari kacang dan telur"
          }
        ],
        "drinks": [
          {
            "name": "Jus alpukat"
          },
          {
            "name": "Jus jeruk"
          },
          {
            "name": "Coklat panas"
          },
          {
            "name": "Es teh"
          },
          {
            "name": "Teh manis"
          },
          {
            "name": "Es krim"
          },
          {
            "name": "Jus mangga"
          }
        ]
      }
    },
    {
      "id": "zvf11c0sukfw1e867",
      "name": "Gigitan Cepat",
      "description": "Quisque rutrum. Aenean imperdiet. Etiam ultricies nisi vel augue. Curabitur ullamcorper ultricies nisi. Nam eget dui. Etiam rhoncus. Maecenas tempus, tellus eget condimentum rhoncus, sem quam semper libero, sit amet adipiscing sem neque sed ipsum. Nam quam nunc, blandit vel, luctus pulvinar, hendrerit id, lorem. Maecenas nec odio et ante tincidunt tempus. Donec vitae sapien ut libero venenatis faucibus. Nullam quis ante. Etiam sit amet orci eget eros faucibus tincidunt. Duis leo. Sed fringilla mauris sit amet nibh. Donec sodales sagittis magna. Sed consequat, leo eget bibendum sodales, augue velit cursus nunc,",
      "pictureId": "https://restaurant-api.dicoding.dev/images/medium/38",
      "city": "Bali",
      "rating": 4,
      "menus": {
        "foods": [
          {
            "name": "Tumis leek"
          },
          {
            "name": "Paket rosemary"
          },
          {
            "name": "roket penne"
          },
          {
            "name": "Daging Sapi"
          },
          {
            "name": "Napolitana"
          },
          {
            "name": "Salad lengkeng"
          },
          {
            "name": "Matzo farfel"
          },
          {
            "name": "Kari kacang dan telur"
          },
          {
            "name": "Sosis squash dan mint"
          },
          {
            "name": "Kari terong"
          }
        ],
        "drinks": [
          {
            "name": "Jus apel"
          },
          {
            "name": "Air"
          },
          {
            "name": "Teh manis"
          },
          {
            "name": "Jus mangga"
          },
          {
            "name": "Es teh"
          },
          {
            "name": "Jus alpukat"
          },
          {
            "name": "Jus tomat"
          }
        ]
      }
    },
    {
      "id": "ughslf146iqkfw1e867",
      "name": "Tempat Siang Hari",
      "description": "But I must explain to you how all this mistaken idea of denouncing pleasure and praising pain was born and I will give you a complete account of the system, and expound the actual teachings of the great explorer of the truth, the master-builder of human happiness. No one rejects, dislikes, or avoids pleasure itself, because it is pleasure, but because those who do not know how to pursue pleasure rationally encounter consequences that are extremely painful. Nor again is there anyone who loves or pursues or desires to obtain pain of itself, because it is pain, but because occasionally circumstances occur in which toil and pain can procure him some great pleasure.",
      "pictureId": "https://restaurant-api.dicoding.dev/images/medium/10",
      "city": "Surabaya",
      "rating": 4.4,
      "menus": {
        "foods": [
          {
            "name": "Matzo farfel"
          },
          {
            "name": "Tumis leek"
          },
          {
            "name": "Daging Sapi"
          },
          {
            "name": "Napolitana"
          },
          {
            "name": "Kari kacang dan telur"
          },
          {
            "name": "Kari terong"
          },
          {
            "name": "Ikan teri dan roti"
          },
          {
            "name": "Bebek crepes"
          },
          {
            "name": "roket penne"
          },
          {
            "name": "Salad lengkeng"
          },
          {
            "name": "Paket rosemary"
          },
          {
            "name": "Salad yuzu"
          }
        ],
        "drinks": [
          {
            "name": "Coklat panas"
          },
          {
            "name": "Jus apel"
          },
          {
            "name": "Sirup"
          },
          {
            "name": "Kopi espresso"
          },
          {
            "name": "Teh manis"
          },
          {
            "name": "Es teh"
          },
          {
            "name": "Es kopi"
          },
          {
            "name": "Jus jeruk"
          },
          {
            "name": "Air"
          },
          {
            "name": "Jus mangga"
          },
          {
            "name": "Jus tomat"
          },
          {
            "name": "Minuman soda"
          },
          {
            "name": "Es krim"
          }
        ]
      }
    }
  ]
}